user,date,start-time,end-time,distance,units
Urbanus Jay,5/17/2023,3:11 PM,7:34 AM,15,kilometers
Holt Gwyllt,5/30/2023,12:06 PM,12:37 PM,46,kilometers
Farr Whardley,5/30/2023,2:44 PM,12:07 PM,16,miles
Dawn MacNeill,5/11/2023,1:57 PM,12:33 PM,28,miles
Lilyan McMillian,6/9/2023,12:21 PM,7:11 AM,17,miles
Morena Ferrari,6/3/2023,7:06 AM,1:59 PM,24,miles
Melania Lismer,6/8/2023,6:27 AM,2:55 PM,2,miles
Adria Woofendell,5/11/2023,4:28 PM,10:25 AM,14,kilometers
Maude Mangham,5/17/2023,4:47 PM,1:32 PM,2,miles
Valeda Stow,5/25/2023,9:29 AM,9:03 AM,1,kilometers
Evey Boik,5/9/2023,6:11 AM,7:14 AM,50,kilometers
Kristen Sturdgess,6/12/2023,5:37 PM,4:01 PM,15,kilometers
Salmon Bissatt,5/9/2023,3:59 PM,6:47 AM,17,miles
Emelyne Skillings,6/10/2023,10:40 AM,2:16 PM,13,miles
Isis Fripp,6/8/2023,7:24 AM,4:14 PM,1,kilometers
Anitra Siddle,6/4/2023,12:12 PM,10:21 AM,21,kilometers
Laurena Tout,5/27/2023,5:30 PM,4:51 PM,10,kilometers
Nevsa Fellgett,5/26/2023,12:54 PM,11:46 AM,29,miles
Jobie McAvaddy,5/29/2023,8:27 AM,1:04 PM,11,miles
Trix Beszant,6/7/2023,6:12 AM,4:50 PM,50,miles
Jayne Petche,5/15/2023,9:11 AM,8:18 AM,37,kilometers
Nancee Coard,6/15/2023,4:57 PM,5:09 PM,48,miles
Toby O'Duane,6/9/2023,5:27 PM,9:16 AM,6,miles
Neel McReedy,5/17/2023,2:20 PM,2:44 PM,5,kilometers
Dita Squires,5/22/2023,12:21 PM,6:15 AM,1,miles
Bryon Fantini,6/6/2023,12:26 PM,7:13 AM,26,kilometers
Gloria Sidlow,5/18/2023,12:09 PM,9:43 AM,8,kilometers
Gran Scholz,5/15/2023,6:27 AM,4:01 PM,10,miles
Marilee Brunnen,5/2/2023,7:01 AM,1:18 PM,25,kilometers
Gabbie Atwool,5/31/2023,4:28 PM,8:17 AM,27,miles
Crystal Atteridge,6/10/2023,11:23 AM,9:43 AM,3,miles
Cletus Duckfield,5/15/2023,11:52 AM,6:13 AM,10,miles
Upton Bulcroft,5/10/2023,3:48 PM,6:43 AM,20,miles
Tedra Castagno,5/5/2023,11:57 AM,5:36 PM,17,kilometers
Dalton Willman,5/2/2023,9:32 AM,7:22 AM,15,kilometers
Scarlett Sefton,5/17/2023,8:54 AM,5:46 PM,45,miles
Alessandro Glew,6/13/2023,7:36 AM,9:28 AM,12,kilometers
Hinze Fullylove,5/28/2023,2:27 PM,3:38 PM,43,kilometers
Roxanne Bellin,5/5/2023,9:58 AM,3:13 PM,50,kilometers
Fred Pawlick,5/27/2023,1:54 PM,9:08 AM,13,miles
Jaquenetta Arkwright,5/15/2023,11:11 AM,6:30 AM,31,miles
Egbert Saylor,5/16/2023,10:37 AM,2:44 PM,38,miles
Hilarius Shelmardine,5/18/2023,11:05 AM,10:34 AM,22,miles
Gris Coxhead,5/19/2023,3:35 PM,12:44 PM,4,miles
Zarla Harvard,6/11/2023,5:52 PM,4:29 PM,23,miles
Elset Gounet,6/10/2023,3:30 PM,7:25 AM,22,miles
Perla Lemmens,5/12/2023,6:38 AM,12:01 PM,1,kilometers
Mercy Tofanelli,6/5/2023,6:00 AM,2:59 PM,32,kilometers
Nonnah Henric,6/5/2023,7:44 AM,9:58 AM,43,kilometers
Melessa Dowker,5/14/2023,10:44 AM,7:46 AM,14,miles
Thalia Kinder,6/14/2023,7:03 AM,8:56 AM,18,miles
Brittaney Castro,5/28/2023,1:23 PM,1:17 PM,10,miles
Theodosia Allkins,5/10/2023,9:23 AM,9:06 AM,46,miles
Hadleigh Terbeck,5/25/2023,12:11 PM,6:31 AM,3,miles
Harvey Adelman,5/12/2023,4:28 PM,3:36 PM,19,miles
Francois Alwin,5/25/2023,12:02 PM,1:13 PM,21,miles
Paola Polle,6/15/2023,1:08 PM,8:23 AM,9,miles
Arni Martignon,5/2/2023,11:33 AM,4:49 PM,34,miles
Vanna Godfrey,5/9/2023,6:55 AM,12:40 PM,36,kilometers
Eyde Lie,5/10/2023,9:59 AM,12:48 PM,32,miles
Karalee Portis,5/29/2023,3:23 PM,11:05 AM,15,kilometers
Brear Olesen,6/4/2023,5:44 PM,1:44 PM,16,kilometers
Westbrook Durrett,5/21/2023,7:20 AM,3:43 PM,26,miles
Miles Bodocs,5/6/2023,4:20 PM,5:48 PM,28,miles
Otho Flamank,5/22/2023,7:27 AM,2:33 PM,17,kilometers
Alejandrina Venton,5/1/2023,5:04 PM,8:15 AM,36,miles
Granthem Kembley,5/20/2023,2:11 PM,9:26 AM,21,kilometers
Angeli Pinar,5/5/2023,7:17 AM,2:03 PM,14,miles
Dukey Tullett,5/1/2023,7:53 AM,1:56 PM,48,kilometers
Harold Jowling,5/13/2023,5:29 PM,11:59 AM,13,kilometers
Clerissa Muzzall,5/27/2023,6:34 AM,1:43 PM,5,miles
Umeko Skoggings,5/26/2023,2:47 PM,8:32 AM,46,miles
Jacquenette Orritt,5/28/2023,7:27 AM,3:05 PM,24,miles
Charita Tassell,6/6/2023,1:22 PM,3:18 PM,4,kilometers
Ariel Puddefoot,5/31/2023,8:12 AM,9:05 AM,38,miles
Jolee O'Heffernan,5/26/2023,3:33 PM,1:51 PM,41,kilometers
Saunderson Orriss,5/21/2023,3:48 PM,9:38 AM,46,kilometers
Odelia Towey,5/4/2023,2:02 PM,7:46 AM,50,kilometers
Raoul Palmar,5/12/2023,3:56 PM,3:44 PM,36,kilometers
Justino Dunsmore,5/3/2023,5:36 PM,5:49 PM,33,kilometers
Adele Bothams,5/31/2023,3:46 PM,5:44 PM,31,miles
Fernandina Gimber,5/26/2023,5:19 PM,12:14 PM,2,miles
Em Grantham,5/15/2023,11:43 AM,8:51 AM,42,miles
Lurline Schimpke,5/12/2023,9:44 AM,9:27 AM,49,kilometers
Derrek Arthur,5/21/2023,8:09 AM,3:59 PM,23,kilometers
Justinn Eleshenar,6/7/2023,3:32 PM,1:26 PM,16,miles
Shauna Pattullo,5/29/2023,3:30 PM,6:53 AM,9,kilometers
Slade Haburne,6/11/2023,3:54 PM,12:09 PM,1,kilometers
Nomi Hempshall,5/19/2023,11:08 AM,1:42 PM,17,kilometers
Jewel Batchelor,5/12/2023,11:46 AM,12:35 PM,6,miles
Olivette Stone,5/3/2023,10:00 AM,11:18 AM,19,kilometers
Merrile Penni,5/16/2023,9:54 AM,7:08 AM,45,kilometers
Kayne Wiggington,5/3/2023,7:01 AM,6:57 AM,16,kilometers
Raine Blest,6/15/2023,2:21 PM,12:14 PM,5,miles
Christye Instone,5/11/2023,7:50 AM,7:51 AM,35,miles
Jessee Renneke,5/20/2023,9:32 AM,11:13 AM,20,miles
Norry Barnett,5/19/2023,9:09 AM,7:39 AM,30,miles
Wally Fogden,5/1/2023,1:58 PM,10:23 AM,27,miles
Ashley Monument,5/30/2023,5:30 PM,7:53 AM,5,kilometers
Abner Couronne,5/22/2023,7:13 AM,7:56 AM,2,miles
Walt Winsper,6/9/2023,11:10 AM,4:43 PM,44,miles
Linet Blackborne,6/15/2023,1:16 PM,10:43 AM,49,kilometers
Paolo Fishleigh,5/22/2023,7:49 AM,7:08 AM,17,miles
Mohandas Stenners,5/9/2023,6:46 AM,1:58 PM,25,kilometers
Hieronymus Petrou,5/7/2023,12:28 PM,1:49 PM,26,miles
Elwyn Georgiev,5/12/2023,8:03 AM,6:50 AM,8,miles
Mehetabel Deely,5/23/2023,9:24 AM,3:59 PM,8,miles
Torre Uphill,5/30/2023,6:30 AM,4:49 PM,4,kilometers
Zollie Enoch,5/14/2023,11:49 AM,3:58 PM,27,miles
Myrah Kubanek,5/3/2023,4:40 PM,6:04 AM,41,kilometers
Andree Kiloh,5/26/2023,7:56 AM,3:04 PM,19,miles
Bamby Chinge,5/6/2023,5:40 PM,4:03 PM,29,kilometers
Maynord Labon,6/1/2023,8:16 AM,10:47 AM,33,kilometers
Guillermo Shapera,6/3/2023,5:26 PM,3:16 PM,43,kilometers
Lyn Balcon,6/15/2023,10:23 AM,7:19 AM,23,miles
Humberto Snipe,6/12/2023,9:02 AM,7:06 AM,9,miles
Filia McComiskie,6/12/2023,1:38 PM,9:32 AM,30,miles
Christabella Keen,6/10/2023,12:15 PM,7:51 AM,49,kilometers
Leeann Hendin,5/19/2023,5:48 PM,7:30 AM,28,miles
Leelah Urvoy,5/2/2023,1:26 PM,3:55 PM,11,kilometers
Liane Polkinhorn,5/21/2023,9:06 AM,3:08 PM,14,kilometers
Emmey Giacomasso,5/14/2023,1:40 PM,11:56 AM,17,miles
Reid Kemmett,5/13/2023,7:10 AM,4:01 PM,23,kilometers
Daile Doghartie,5/7/2023,6:10 AM,9:29 AM,15,kilometers
Georgi Dunthorn,5/24/2023,3:22 PM,12:43 PM,19,kilometers
Jaynell Johannes,5/17/2023,7:17 AM,10:40 AM,14,kilometers
Armstrong Burbury,5/31/2023,1:41 PM,10:22 AM,3,miles
Odell Mourant,5/24/2023,7:57 AM,3:43 PM,7,miles
Karee Aldritt,5/27/2023,8:24 AM,11:20 AM,13,kilometers
Sukey Eller,5/11/2023,2:08 PM,8:26 AM,11,kilometers
Norma Orwin,6/12/2023,3:49 PM,4:47 PM,28,miles
Britt Smiz,5/14/2023,10:25 AM,9:07 AM,40,kilometers
Krysta Pechold,5/5/2023,3:13 PM,6:24 AM,7,kilometers
Eddi Damiral,5/19/2023,9:29 AM,1:53 PM,44,miles
Letti Panner,5/27/2023,8:50 AM,4:49 PM,4,miles
Agnella Cino,6/9/2023,10:00 AM,2:53 PM,35,kilometers
Burg Dallaghan,5/30/2023,9:07 AM,5:19 PM,45,miles
Currie Tampin,5/12/2023,11:03 AM,2:11 PM,16,kilometers
Wolfy Losseljong,5/12/2023,12:01 PM,8:40 AM,5,kilometers
Candis Cartmail,5/8/2023,10:26 AM,3:45 PM,42,miles
Brandi Kumar,5/26/2023,8:27 AM,10:30 AM,28,kilometers
Vasily Giddins,5/10/2023,5:18 PM,12:48 PM,2,miles
Skipper Asprey,5/16/2023,1:39 PM,9:15 AM,50,kilometers
Wilden Synan,5/16/2023,4:28 PM,6:26 AM,38,miles
Rufe Parzizek,5/23/2023,2:01 PM,6:27 AM,14,miles
Rustie Spatarul,5/29/2023,6:20 AM,8:00 AM,48,kilometers
Broderick Martinuzzi,5/15/2023,10:28 AM,10:09 AM,38,kilometers
Yovonnda Mulcahy,5/1/2023,6:10 AM,9:43 AM,33,kilometers
Addi Statter,5/9/2023,10:41 AM,3:06 PM,31,kilometers
Todd Kissell,5/5/2023,10:37 AM,7:11 AM,44,miles
Roselle Arkell,5/8/2023,8:40 AM,11:22 AM,17,miles
Innis Craister,6/15/2023,1:30 PM,8:35 AM,47,miles
Lynea Ridgewell,5/4/2023,7:44 AM,5:29 PM,15,miles
Derek Hosten,6/4/2023,4:04 PM,5:13 PM,46,miles
Kristy Cutchey,6/7/2023,1:50 PM,7:42 AM,35,miles
Derwin Cowles,6/12/2023,9:15 AM,8:00 AM,47,miles
Farleigh Leyson,5/26/2023,3:39 PM,6:07 AM,25,miles
Gordie Wyant,5/12/2023,4:50 PM,1:17 PM,21,kilometers
Yehudi Simoncelli,5/11/2023,9:08 AM,12:35 PM,38,kilometers
Bren Barby,5/7/2023,8:29 AM,12:02 PM,50,miles
Tiena Cragell,6/13/2023,5:05 PM,12:17 PM,40,miles
Nat Di Maggio,6/2/2023,11:07 AM,9:13 AM,10,kilometers
Filbert Crouse,5/4/2023,12:19 PM,3:04 PM,42,kilometers
Geraldine Hadaway,6/8/2023,6:25 AM,7:12 AM,29,kilometers
Adela Carlan,5/18/2023,5:52 PM,8:38 AM,17,miles
Rhody Gaynsford,5/24/2023,7:54 AM,9:52 AM,33,kilometers
Jonas Bussy,5/28/2023,1:54 PM,10:29 AM,2,kilometers
Griffith Blundel,6/4/2023,4:57 PM,1:14 PM,12,miles
Corenda Stainfield,5/16/2023,12:08 PM,8:46 AM,7,miles
King Maciejewski,6/4/2023,2:49 PM,12:33 PM,21,miles
Arvin Garratty,5/27/2023,12:32 PM,4:24 PM,2,kilometers
Nilson Randall,5/18/2023,2:42 PM,2:27 PM,35,miles
Misty Flowerden,5/9/2023,2:12 PM,4:18 PM,11,miles
Wanda Santus,5/7/2023,1:00 PM,11:10 AM,33,miles
Garwood Heater,6/13/2023,9:09 AM,5:21 PM,46,kilometers
Merna Benoix,6/5/2023,8:45 AM,6:38 AM,19,miles
Micheline Weldon,6/5/2023,10:35 AM,2:02 PM,5,kilometers
Fabio Veelers,5/11/2023,11:19 AM,5:32 PM,39,kilometers
Dolly Kydd,6/2/2023,5:40 PM,11:27 AM,43,kilometers
Jarid Richemond,5/21/2023,12:33 PM,3:52 PM,21,kilometers
Bertine Camocke,5/11/2023,5:24 PM,5:17 PM,17,miles
Alie Hazell,5/2/2023,7:57 AM,4:40 PM,39,miles
Ebeneser Gregolotti,6/3/2023,3:44 PM,7:26 AM,34,miles
Gail Yerson,6/1/2023,11:00 AM,6:09 AM,43,kilometers
Lay Glas,6/11/2023,3:25 PM,5:48 PM,22,miles
Muhammad Hysom,5/25/2023,9:55 AM,12:19 PM,21,miles
Hatti Volett,6/8/2023,7:57 AM,2:50 PM,42,miles
Querida Duplain,5/10/2023,6:32 AM,12:29 PM,3,kilometers
Lowrance Killiam,6/10/2023,1:22 PM,3:55 PM,3,miles
Jaquenetta Bolger,6/15/2023,1:47 PM,1:55 PM,40,kilometers
Price Espin,5/22/2023,6:38 AM,1:25 PM,45,kilometers
Leonid Wicks,5/7/2023,6:32 AM,1:34 PM,14,kilometers
Dniren Mosten,5/17/2023,8:18 AM,11:37 AM,13,miles
Niko Pammenter,6/2/2023,8:09 AM,2:13 PM,29,miles
Ardys Winning,6/9/2023,9:26 AM,3:47 PM,21,kilometers
Aldin Coslett,6/2/2023,2:34 PM,9:16 AM,22,miles
Gusty Owlner,6/2/2023,10:04 AM,8:41 AM,8,kilometers
Drugi Rottery,5/8/2023,2:05 PM,7:05 AM,22,miles
Barnabas Flannigan,5/24/2023,1:01 PM,5:51 PM,26,miles
Rafi Chattington,6/10/2023,10:42 AM,7:50 AM,49,miles
Coralie Adriaan,5/27/2023,6:14 AM,4:35 PM,46,miles
Darrelle Commins,6/3/2023,2:11 PM,4:23 PM,39,kilometers
Sheelagh Willatt,5/16/2023,4:07 PM,12:31 PM,10,miles
Aurelea Garrigan,5/1/2023,4:51 PM,4:46 PM,50,miles
Helen Lamplough,5/28/2023,1:33 PM,7:37 AM,38,miles
Tracie Baudou,5/25/2023,7:37 AM,7:54 AM,39,kilometers
Lily Tunnacliffe,5/14/2023,9:52 AM,7:50 AM,39,kilometers
Karina Benediktsson,6/6/2023,1:47 PM,9:21 AM,32,miles
Zacherie Roels,5/13/2023,6:49 AM,5:36 PM,42,kilometers
Kurtis Dinneges,5/3/2023,9:29 AM,3:05 PM,47,miles
Orazio Audibert,5/9/2023,5:15 PM,6:23 AM,40,kilometers
Vern Balden,5/15/2023,7:30 AM,9:20 AM,47,miles
Brody Gianasi,6/6/2023,4:24 PM,5:57 PM,2,kilometers
Lorrayne D'Aeth,5/18/2023,7:38 AM,6:39 AM,2,miles
Ahmad Pounsett,6/14/2023,3:06 PM,3:24 PM,2,miles
Mellie Braddock,6/11/2023,11:40 AM,8:07 AM,39,miles
Niel Byford,6/1/2023,8:11 AM,12:38 PM,33,kilometers
Tab Morman,5/19/2023,12:37 PM,1:05 PM,39,kilometers
Jacquie Medd,6/1/2023,6:21 AM,11:30 AM,38,miles
Jo-ann Overel,5/12/2023,4:47 PM,11:21 AM,38,miles
Kacy Rawlison,5/5/2023,7:19 AM,8:47 AM,42,kilometers
Grazia Hartright,5/19/2023,2:07 PM,1:54 PM,7,miles
Debbie Geldeard,5/6/2023,5:48 PM,1:39 PM,32,kilometers
Virgilio Gribbin,5/25/2023,11:22 AM,8:58 AM,33,kilometers
Cyrus Rudloff,5/12/2023,1:59 PM,12:37 PM,1,miles
Byrann Rylatt,5/9/2023,3:46 PM,5:43 PM,3,miles
Moritz Bennedick,5/14/2023,2:15 PM,7:52 AM,5,kilometers
Rachael Enriquez,5/12/2023,6:56 AM,6:10 AM,14,kilometers
Kerstin Makinson,5/27/2023,5:26 PM,4:44 PM,17,miles
Cecilio Kenlin,5/13/2023,11:10 AM,10:14 AM,3,miles
Elwira Berry,5/6/2023,8:11 AM,8:08 AM,31,kilometers
Katerine Kirlin,5/17/2023,2:16 PM,8:35 AM,42,miles
Kenton De la Yglesia,6/8/2023,10:32 AM,1:18 PM,36,miles
Michaelina Wannop,5/28/2023,8:36 AM,12:34 PM,47,miles
Clarabelle Sigfrid,6/6/2023,10:56 AM,4:16 PM,15,miles
Rogers Obern,5/4/2023,6:40 AM,8:13 AM,20,miles
Avrit Dawidowitsch,6/11/2023,1:53 PM,8:28 AM,44,miles
Alford MacCracken,6/5/2023,7:33 AM,3:18 PM,35,miles
Sherwynd Birkmyr,5/21/2023,8:30 AM,4:55 PM,15,kilometers
Madelina McTear,6/3/2023,1:30 PM,2:41 PM,35,miles
Pearce Daffern,5/16/2023,1:13 PM,9:39 AM,35,miles
Marilyn Brundale,5/13/2023,7:54 AM,12:19 PM,17,kilometers
Marys Nunes Nabarro,6/2/2023,8:52 AM,5:33 PM,20,miles
Hazel Mincini,5/11/2023,2:51 PM,4:02 PM,37,miles
Tisha Lacoste,5/8/2023,6:43 AM,10:04 AM,28,kilometers
Cody Greenin,5/4/2023,12:41 PM,6:57 AM,35,kilometers
Page Trebbett,5/11/2023,4:27 PM,11:47 AM,29,miles
Roby Chin,5/15/2023,10:58 AM,7:34 AM,32,kilometers
Meryl Loftie,5/1/2023,3:46 PM,11:10 AM,35,miles
Saunders Gaunt,5/29/2023,9:43 AM,10:19 AM,18,miles
Marysa Aleksankin,5/15/2023,6:37 AM,5:41 PM,41,miles
Valentijn Firminger,6/1/2023,4:21 PM,3:33 PM,42,kilometers
Jelene Bartrop,5/7/2023,6:10 AM,8:44 AM,9,kilometers
Arlie Huxter,5/24/2023,12:38 PM,8:36 AM,22,kilometers
Colman Cubbino,6/12/2023,10:34 AM,3:23 PM,17,miles
Gaye Ollive,5/1/2023,11:40 AM,6:44 AM,48,miles
Durand Clamo,6/7/2023,5:49 PM,3:04 PM,22,kilometers
Filide Cuseick,5/5/2023,12:53 PM,6:57 AM,47,kilometers
Glyn Alsobrook,5/12/2023,6:58 AM,8:46 AM,29,kilometers
Bobbye Pattie,5/13/2023,11:41 AM,4:51 PM,5,miles
Jayme Townsend,5/6/2023,6:34 AM,8:34 AM,47,miles
Alvira Coneau,5/2/2023,4:15 PM,8:09 AM,1,miles
Wandis McLeary,5/22/2023,3:47 PM,5:02 PM,44,kilometers
Junia Desporte,5/29/2023,3:03 PM,1:15 PM,9,miles
Gennie Cardus,5/11/2023,4:58 PM,7:20 AM,34,kilometers
Carolan Thunderchief,5/20/2023,4:52 PM,1:08 PM,50,miles
Neddie Itzkovwitch,5/27/2023,11:50 AM,4:07 PM,43,kilometers
Tresa Passmore,5/27/2023,5:08 PM,1:43 PM,36,kilometers
Eloisa Fludder,5/26/2023,12:53 PM,8:37 AM,48,miles
Alejandra Goodinge,5/8/2023,3:53 PM,3:46 PM,47,miles
Gerek Meeny,5/16/2023,3:42 PM,6:23 AM,14,kilometers
Lucie Mulroy,5/22/2023,12:40 PM,2:09 PM,27,kilometers
Hatti Ceeley,6/12/2023,9:49 AM,11:54 AM,38,miles
Hailee Rewbottom,6/12/2023,11:15 AM,2:50 PM,40,miles
Brucie Tinton,5/11/2023,2:32 PM,3:57 PM,16,kilometers
Rosanna Hembry,6/13/2023,7:27 AM,5:54 PM,27,kilometers
Trip Durrett,5/8/2023,1:56 PM,2:23 PM,20,kilometers
Shirley Louche,6/8/2023,9:47 AM,11:11 AM,27,kilometers
Alli Gamlyn,5/31/2023,5:35 PM,9:21 AM,33,miles
Ursala Philipot,6/6/2023,1:19 PM,9:53 AM,18,kilometers
Rebekah Bruffell,6/3/2023,12:36 PM,1:17 PM,27,kilometers
Perri Frampton,5/10/2023,12:02 PM,3:12 PM,1,kilometers
Britteny Gogay,5/2/2023,12:53 PM,2:34 PM,14,kilometers
Tracey Alstead,5/7/2023,10:44 AM,2:51 PM,32,miles
Aaron Burlingham,5/9/2023,8:12 AM,6:35 AM,4,kilometers
Page Guthrum,6/14/2023,6:42 AM,10:01 AM,46,miles
Vanna MacGillivrie,6/6/2023,10:56 AM,2:19 PM,8,miles
Brody Barling,5/7/2023,8:34 AM,10:22 AM,30,kilometers
Pavia Simmon,6/10/2023,7:10 AM,4:26 PM,14,kilometers
Clare Emm,6/9/2023,7:50 AM,2:48 PM,33,miles
Chauncey Scambler,5/28/2023,2:46 PM,1:01 PM,26,miles
Kattie Roughey,5/4/2023,10:07 AM,7:38 AM,47,kilometers
Freeman Shyre,6/9/2023,4:34 PM,1:00 PM,22,miles
Pedro Summersby,5/19/2023,12:17 PM,12:08 PM,45,miles
Carley Siddens,6/7/2023,5:52 PM,6:31 AM,49,kilometers
Elia Tipens,5/17/2023,7:06 AM,7:02 AM,46,kilometers
Seward Flohard,5/5/2023,4:45 PM,7:04 AM,31,kilometers
Zora Sayre,5/30/2023,8:02 AM,10:09 AM,27,miles
Afton Decourcy,5/19/2023,8:02 AM,2:55 PM,4,miles
Ruben Gunthorp,6/12/2023,9:33 AM,5:22 PM,7,miles
Dew Billanie,5/8/2023,3:14 PM,12:03 PM,48,kilometers
Carey Backler,5/3/2023,4:30 PM,9:28 AM,40,kilometers
Wilhelmine Ferrillo,5/27/2023,4:03 PM,11:17 AM,30,kilometers
Neala Crenshaw,5/23/2023,9:25 AM,7:37 AM,34,miles
Alon Reggio,5/20/2023,3:19 PM,3:01 PM,12,kilometers
Roxanna Sylvaine,5/19/2023,4:38 PM,5:45 PM,31,kilometers
Butch Fifoot,5/5/2023,1:55 PM,1:33 PM,10,miles
Delbert Doore,6/2/2023,8:35 AM,8:29 AM,17,kilometers
Randie Edkins,5/29/2023,12:21 PM,2:44 PM,2,kilometers
Cyndi Riepel,5/24/2023,5:31 PM,12:28 PM,48,kilometers
Burnaby Lancetter,5/20/2023,11:15 AM,9:41 AM,37,kilometers
Zitella Butland,6/7/2023,7:26 AM,3:33 PM,5,kilometers
Pegeen Older,5/27/2023,4:47 PM,7:40 AM,47,kilometers
Teresa Cisneros,5/6/2023,6:57 AM,4:41 PM,44,kilometers
Francklin Astie,6/2/2023,8:24 AM,6:13 AM,47,miles
Kissee Roggeman,5/10/2023,8:10 AM,2:00 PM,36,kilometers
Feodora Tremathack,5/18/2023,2:30 PM,12:33 PM,4,kilometers
Nell Pollicote,6/5/2023,2:47 PM,4:46 PM,20,miles
Benetta McGrane,5/1/2023,3:42 PM,3:33 PM,45,kilometers
Eartha Stenson,6/6/2023,1:11 PM,8:02 AM,27,kilometers
Shandeigh Padillo,5/4/2023,3:25 PM,7:54 AM,36,kilometers
Kincaid Reggiani,5/7/2023,1:39 PM,5:40 PM,42,miles
Jermaine Feaster,6/7/2023,5:19 PM,3:36 PM,13,kilometers
Ebonee Fones,5/15/2023,4:44 PM,11:56 AM,39,kilometers
Vic Edmonstone,5/29/2023,4:00 PM,11:38 AM,41,kilometers
Anica Bon,5/19/2023,9:34 AM,11:13 AM,6,miles
Otis Jakab,5/16/2023,9:30 AM,1:07 PM,47,miles
Ganny Tutt,5/5/2023,4:33 PM,2:19 PM,25,miles
Melodie Eddoes,6/9/2023,12:23 PM,5:07 PM,12,miles
Lorianna Donaldson,5/5/2023,1:17 PM,3:08 PM,5,kilometers
Jerrilyn Gibbieson,6/15/2023,7:13 AM,7:01 AM,40,kilometers
Cacilia Kinker,5/20/2023,5:27 PM,2:03 PM,21,miles
Darda Barrows,6/3/2023,7:10 AM,11:47 AM,24,miles
Averil Yanyshev,5/5/2023,12:37 PM,10:01 AM,6,kilometers
Goldie Bane,5/20/2023,3:07 PM,8:46 AM,33,kilometers
Kahlil Demaid,6/7/2023,5:22 PM,12:37 PM,41,kilometers
Meredith Monger,6/3/2023,1:17 PM,2:39 PM,11,miles
Dill Ambrosio,6/11/2023,9:50 AM,9:29 AM,18,kilometers
Elva Westmerland,6/4/2023,11:36 AM,8:13 AM,21,miles
Sloane Syms,5/29/2023,11:15 AM,3:40 PM,12,miles
Danya Ordish,6/1/2023,1:28 PM,11:01 AM,6,miles
Alexandro Willmott,5/6/2023,10:50 AM,1:49 PM,50,miles
Bernhard Ellington,5/18/2023,6:39 AM,8:16 AM,9,miles
Agnese Hillburn,6/4/2023,11:30 AM,2:26 PM,5,miles
Ainslee Pottell,5/3/2023,12:06 PM,7:24 AM,2,kilometers
Brianna Fawssett,6/15/2023,10:40 AM,6:21 AM,13,miles
Obadias Tolumello,6/15/2023,8:42 AM,7:06 AM,5,miles
Irena Verdon,6/1/2023,11:21 AM,10:43 AM,31,miles
Clement Milnthorpe,5/24/2023,1:52 PM,8:00 AM,9,miles
Em Jeaffreson,5/7/2023,1:12 PM,7:57 AM,14,miles
Dasha Ledwich,5/30/2023,11:02 AM,9:22 AM,19,miles
Romola Sante,5/10/2023,10:51 AM,1:50 PM,39,kilometers
Jsandye Ucchino,5/31/2023,6:19 AM,5:57 PM,34,miles
Marthena Baniard,6/9/2023,11:16 AM,7:55 AM,35,miles
Rey Biddlestone,5/5/2023,1:57 PM,2:41 PM,43,miles
Salomo Goomes,5/4/2023,8:10 AM,5:07 PM,49,kilometers
Merrielle Shortall,6/15/2023,6:56 AM,10:45 AM,17,kilometers
Marcellina Rodwell,6/2/2023,9:56 AM,3:09 PM,37,kilometers
Jobina Brouncker,5/9/2023,2:55 PM,5:34 PM,28,kilometers
Otto Colebrook,5/14/2023,11:08 AM,8:35 AM,34,miles
Lily Collete,5/1/2023,10:46 AM,12:12 PM,47,kilometers
Caitlin Glasson,6/13/2023,9:50 AM,5:54 PM,5,miles
Goober Gayton,5/26/2023,1:14 PM,10:12 AM,5,kilometers
Fancie Greedier,5/11/2023,5:15 PM,12:22 PM,29,miles
Matthaeus Kittless,5/30/2023,10:01 AM,5:41 PM,4,kilometers
Aimee Maffezzoli,5/22/2023,3:40 PM,3:49 PM,43,miles
Claudine McKiddin,6/8/2023,7:58 AM,4:15 PM,25,kilometers
Hagan Sangra,5/17/2023,12:04 PM,6:01 AM,4,kilometers
Scott Deeks,6/13/2023,7:36 AM,4:33 PM,3,kilometers
Murielle Le Barre,6/7/2023,5:37 PM,12:56 PM,18,kilometers
Christa Rhodus,6/9/2023,4:08 PM,5:53 PM,40,kilometers
Cornie Romaines,6/10/2023,4:28 PM,2:53 PM,19,miles
Emma Tordoff,5/29/2023,3:33 PM,3:30 PM,18,miles
Even Goring,6/14/2023,1:11 PM,3:56 PM,50,miles
Howey Blowfield,6/5/2023,10:06 AM,3:19 PM,11,miles
Hobey Steinham,5/19/2023,9:18 AM,7:16 AM,7,miles
Fleurette Helwig,6/2/2023,4:23 PM,9:53 AM,43,kilometers
Cthrine Cottom,5/8/2023,7:54 AM,8:28 AM,42,miles
Nolie Stitch,5/15/2023,4:14 PM,3:51 PM,5,miles
Clari Varvara,5/1/2023,9:52 AM,12:07 PM,23,kilometers
Venus Gaule,6/12/2023,5:40 PM,11:58 AM,13,kilometers
Lucie Griffin,6/1/2023,5:32 PM,9:06 AM,24,kilometers
Maria Verma,5/23/2023,1:26 PM,12:05 PM,1,miles
Emerson Eich,5/3/2023,1:05 PM,10:54 AM,31,miles
Karin Andriolli,6/11/2023,8:53 AM,3:09 PM,20,miles
Dawna Gresly,5/5/2023,5:37 PM,4:48 PM,3,miles
Bonita Corbitt,6/7/2023,11:19 AM,12:34 PM,10,kilometers
Salomone Buten,6/15/2023,1:19 PM,5:35 PM,40,miles
Clemmy Shovlar,6/8/2023,3:02 PM,4:39 PM,48,miles
Randall Crichley,5/6/2023,6:20 AM,8:56 AM,19,miles
Jennifer Murcott,6/1/2023,8:50 AM,5:22 PM,22,kilometers
Ilyse Praundlin,6/6/2023,1:48 PM,12:47 PM,11,miles
Alisa Try,5/13/2023,7:45 AM,10:51 AM,41,kilometers
Free Tooze,5/17/2023,7:56 AM,10:41 AM,33,miles
Rolfe Paylor,6/3/2023,3:50 PM,7:39 AM,36,kilometers
Francklyn McArte,5/31/2023,5:34 PM,12:21 PM,28,miles
Celina Knight,5/16/2023,6:47 AM,12:16 PM,13,kilometers
Quinn Dorkin,5/8/2023,5:34 PM,1:04 PM,1,miles
Robinson Wield,5/30/2023,12:15 PM,5:28 PM,34,miles
Annice Jurgenson,5/19/2023,1:56 PM,7:18 AM,41,miles
Nadia Gwin,6/6/2023,7:18 AM,4:18 PM,16,miles
Alistair Skippon,5/23/2023,5:34 PM,5:04 PM,31,kilometers
Wheeler Bare,5/10/2023,7:49 AM,11:27 AM,24,miles
Alisa Mulvy,5/19/2023,12:54 PM,9:22 AM,7,kilometers
Dalis Aloigi,6/3/2023,7:34 AM,3:08 PM,26,miles
Danielle Iacomi,5/14/2023,12:05 PM,9:23 AM,47,miles
Hendrika Bockmann,6/15/2023,9:44 AM,11:18 AM,31,kilometers
Andria MacGruer,5/23/2023,10:53 AM,12:50 PM,41,kilometers
Harlan Beadon,5/27/2023,4:12 PM,5:27 PM,7,kilometers
Carmella Redford,6/14/2023,3:24 PM,10:08 AM,50,kilometers
Web Josefs,6/10/2023,1:52 PM,7:37 AM,46,kilometers
Bebe Besantie,5/20/2023,8:15 AM,7:15 AM,50,miles
Port Slorach,5/18/2023,1:07 PM,7:30 AM,40,kilometers
Audrey Hannabuss,5/27/2023,8:54 AM,8:05 AM,39,kilometers
Selle Gavan,5/24/2023,10:57 AM,2:00 PM,48,kilometers
Cristionna Berriman,5/4/2023,5:35 PM,12:11 PM,36,miles
Luce Blazic,6/4/2023,5:35 PM,10:47 AM,48,kilometers
Dorette Slorance,6/4/2023,9:26 AM,1:29 PM,41,kilometers
Emelen McFadyen,5/27/2023,3:24 PM,6:29 AM,8,kilometers
Norina Bugdale,5/31/2023,5:08 PM,8:45 AM,29,kilometers
Violante Brill,5/27/2023,7:44 AM,7:14 AM,47,miles
Marla Goodlad,5/25/2023,5:04 PM,5:31 PM,21,miles
Ambur Wolstenholme,5/31/2023,8:06 AM,5:42 PM,28,miles
Rem Zannutti,6/4/2023,10:20 AM,3:03 PM,41,kilometers
Laurella Van Hesteren,5/8/2023,7:09 AM,6:05 AM,24,kilometers
Barnard Wicken,5/6/2023,4:07 PM,2:31 PM,20,kilometers
Ezechiel Lippiatt,6/3/2023,11:36 AM,10:08 AM,5,kilometers
Tracy Illsley,6/8/2023,5:53 PM,6:26 AM,7,miles
Zane Labbey,5/4/2023,12:04 PM,7:34 AM,27,kilometers
Pru Bonsey,5/4/2023,8:11 AM,10:50 AM,1,miles
Batsheva Brodeau,5/31/2023,11:12 AM,4:44 PM,33,miles
Dallis Leemans,6/11/2023,7:28 AM,6:32 AM,32,kilometers
Katina Ayerst,5/26/2023,5:09 PM,3:51 PM,1,miles
Elfie de Guerre,5/14/2023,8:19 AM,10:34 AM,32,miles
Gerrie Hilary,5/3/2023,10:16 AM,2:10 PM,27,miles
Teddie Schimank,5/13/2023,3:53 PM,5:50 PM,14,miles
Jeanette Spinella,5/6/2023,1:50 PM,11:33 AM,35,kilometers
Annabel Mohring,5/9/2023,1:29 PM,4:04 PM,28,kilometers
Richie Hebborne,5/2/2023,8:53 AM,4:08 PM,2,kilometers
Valentina Dunnet,5/10/2023,2:46 PM,1:49 PM,11,kilometers
Grant Wainscot,5/1/2023,7:54 AM,2:36 PM,29,kilometers
Eachelle Westmore,6/8/2023,11:16 AM,9:13 AM,23,miles
Natassia Baumler,6/13/2023,8:43 AM,9:28 AM,7,miles
Alexei Kenewel,6/1/2023,4:09 PM,6:36 AM,11,kilometers
Kelli Croley,6/13/2023,12:03 PM,4:48 PM,33,miles
Robert Banbury,5/27/2023,3:11 PM,11:47 AM,42,miles
Keven Izak,6/3/2023,7:25 AM,10:50 AM,11,kilometers
Leanora Preist,5/16/2023,4:56 PM,5:30 PM,6,miles
Normand Stucke,5/7/2023,3:33 PM,5:19 PM,47,kilometers
Dael Kelwaybamber,5/29/2023,2:32 PM,2:42 PM,40,miles
Madeline Kesby,6/2/2023,11:32 AM,1:23 PM,46,kilometers
Gerta Ivashnyov,5/19/2023,12:47 PM,11:47 AM,47,miles
Alejandro Hickisson,5/30/2023,9:39 AM,7:08 AM,17,kilometers
Hector Hearnah,6/10/2023,10:56 AM,11:26 AM,8,kilometers
Bobby Oakinfold,6/11/2023,12:41 PM,11:08 AM,9,miles
Randy Hembling,5/15/2023,8:42 AM,12:01 PM,17,kilometers
Christoffer Speachley,6/14/2023,5:26 PM,9:25 AM,5,kilometers
Kipper Bestwall,5/27/2023,11:18 AM,7:45 AM,32,kilometers
Dun Orriss,5/26/2023,11:53 AM,12:16 PM,18,kilometers
Lucina Fuge,6/1/2023,9:59 AM,12:51 PM,15,kilometers
Shirley Ledwitch,6/4/2023,2:30 PM,9:00 AM,22,miles
Clarke O'Hare,6/9/2023,11:07 AM,4:49 PM,14,miles
Appolonia Brickhill,5/22/2023,7:22 AM,3:06 PM,11,miles
Perl Dobbins,6/12/2023,12:50 PM,10:18 AM,16,miles
Misty Del Monte,6/6/2023,11:23 AM,2:46 PM,4,kilometers
Reube Emmanueli,6/1/2023,7:41 AM,1:32 PM,31,kilometers
Ekaterina Godney,6/10/2023,12:07 PM,5:31 PM,6,miles
Isabelita Rodgerson,5/25/2023,6:17 AM,4:20 PM,31,kilometers
Ethyl Pinar,6/14/2023,8:13 AM,2:49 PM,47,kilometers
Junette Jolly,5/14/2023,1:38 PM,9:26 AM,31,kilometers
Lyman MacDermid,5/4/2023,7:47 AM,3:05 PM,35,miles
Cort Lenton,5/19/2023,3:28 PM,2:47 PM,22,miles
Ginnie Ffrench,5/11/2023,11:00 AM,6:38 AM,9,miles
Travers Hulett,5/9/2023,5:07 PM,11:37 AM,2,miles
Nerissa Bailey,5/23/2023,3:33 PM,2:20 PM,50,kilometers
Rogers McGourty,6/6/2023,5:10 PM,7:11 AM,23,miles
Marne Gorton,6/13/2023,9:01 AM,6:39 AM,47,kilometers
Dina Inglesfield,5/12/2023,10:14 AM,5:18 PM,33,miles
Bertine Borg,6/4/2023,6:17 AM,10:35 AM,14,miles
Bryna Furmenger,5/19/2023,2:47 PM,9:56 AM,47,kilometers
Sawyer Itzik,6/13/2023,5:33 PM,5:08 PM,16,kilometers
Lula Tebbe,5/24/2023,5:38 PM,10:53 AM,2,miles
Haskell Sneath,6/15/2023,8:52 AM,5:05 PM,2,kilometers
Jordan Hedgeley,5/19/2023,8:30 AM,10:23 AM,48,miles
El Oldale,5/10/2023,3:04 PM,11:15 AM,23,miles
Caleb Sibbit,5/21/2023,1:41 PM,5:21 PM,2,kilometers
Ilyse Crosse,5/11/2023,6:40 AM,1:31 PM,49,kilometers
Abeu Innocent,6/7/2023,3:10 PM,1:28 PM,45,miles
Delmer Maiklem,5/13/2023,10:43 AM,10:32 AM,11,miles
Moise Laterza,5/22/2023,7:09 AM,2:57 PM,21,miles
Kelly Scranedge,5/8/2023,6:54 AM,1:17 PM,30,kilometers
Laverne Tittershill,6/7/2023,1:03 PM,12:40 PM,14,miles
Justin Cud,6/15/2023,3:25 PM,10:19 AM,26,miles
Danika Speddin,5/6/2023,9:06 AM,12:02 PM,29,kilometers
Douglas Lawless,5/1/2023,5:32 PM,6:12 AM,36,kilometers
Emelita Binks,5/7/2023,10:58 AM,4:24 PM,22,kilometers
Morlee Allanson,5/11/2023,4:59 PM,9:03 AM,50,miles
Merill Willerstone,5/6/2023,1:11 PM,2:50 PM,27,kilometers
Avrom Baggarley,6/5/2023,6:30 AM,1:04 PM,33,miles
Audy Brugger,5/5/2023,10:30 AM,4:28 PM,15,miles
Paulette Candy,5/11/2023,5:47 PM,7:56 AM,26,miles
Lonna Lattin,5/25/2023,7:05 AM,8:58 AM,37,miles
Leeanne Writer,5/10/2023,5:54 PM,10:11 AM,48,kilometers
Corette Richie,5/11/2023,6:53 AM,11:48 AM,28,miles
Montgomery Dungate,5/11/2023,3:40 PM,1:31 PM,14,kilometers
Joly Pilch,6/10/2023,7:04 AM,9:06 AM,44,kilometers
Janeta Bufton,5/11/2023,12:40 PM,4:55 PM,46,miles
Kellyann Perelli,6/4/2023,3:57 PM,11:51 AM,2,kilometers
Giacomo Flanaghan,5/14/2023,9:27 AM,5:22 PM,45,miles
Morgun Burdikin,5/13/2023,6:43 AM,1:17 PM,13,miles
Randy Molian,5/30/2023,12:12 PM,10:14 AM,27,kilometers
Byrann Huggen,6/14/2023,1:11 PM,4:56 PM,5,kilometers
Lev Mackness,5/22/2023,8:11 AM,3:13 PM,45,miles
Codie Hardistry,5/1/2023,3:08 PM,1:51 PM,23,miles
Emelen Howood,5/18/2023,11:03 AM,5:46 PM,2,miles
Stanislas Ballantine,5/22/2023,4:31 PM,12:37 PM,30,kilometers
Gran Redshaw,5/20/2023,6:54 AM,9:34 AM,6,kilometers
Dulsea Shellsheere,6/8/2023,7:38 AM,10:37 AM,20,kilometers
Stepha Geator,5/16/2023,3:30 PM,4:43 PM,6,miles
Auberta Elston,5/26/2023,11:31 AM,11:27 AM,49,miles
Fitzgerald Indge,6/13/2023,6:10 AM,5:09 PM,23,miles
Shurlock Connow,5/2/2023,11:26 AM,3:03 PM,12,kilometers
Yuri Smidmor,6/4/2023,5:29 PM,12:18 PM,5,miles
Morry Carn,5/1/2023,12:44 PM,6:54 AM,4,miles
Chelsea Rawkesby,6/10/2023,2:28 PM,7:27 AM,28,kilometers
Hillery Setterfield,5/19/2023,12:23 PM,9:25 AM,11,miles
Storm McFarland,5/6/2023,10:19 AM,11:46 AM,36,miles
Waneta Daughtery,5/27/2023,4:58 PM,4:05 PM,13,miles
Corissa Notton,5/8/2023,4:48 PM,12:49 PM,4,kilometers
Adelaida Maffey,5/19/2023,2:36 PM,3:01 PM,48,kilometers
Rickey Budcock,5/14/2023,5:08 PM,9:31 AM,47,kilometers
Willey Geraghty,5/9/2023,2:53 PM,4:36 PM,3,miles
Pate Grunder,5/28/2023,7:08 AM,4:58 PM,5,miles
Leisha Albrook,6/13/2023,5:53 PM,3:58 PM,35,miles
Upton Fairbourne,5/4/2023,12:33 PM,8:21 AM,34,miles
Cathi May,5/20/2023,6:20 AM,7:34 AM,16,miles
Amery Murricanes,6/5/2023,5:05 PM,9:36 AM,15,miles
Marrissa Hynam,5/28/2023,9:50 AM,7:49 AM,12,kilometers
Sal Moran,5/22/2023,8:44 AM,8:17 AM,26,kilometers
Luci Elmhirst,6/15/2023,4:06 PM,11:38 AM,20,miles
Elspeth Woodyer,5/21/2023,9:17 AM,3:13 PM,24,kilometers
Clevey Calbaithe,6/1/2023,4:28 PM,2:45 PM,13,miles
Loren Di Baudi,5/9/2023,9:40 AM,9:16 AM,5,kilometers
Reynolds Belchamp,6/10/2023,12:24 PM,11:09 AM,24,miles
Jacquelin Giannoni,6/10/2023,5:52 PM,6:41 AM,8,kilometers
Dita Faucett,5/10/2023,12:31 PM,5:26 PM,25,miles
Retha Pilley,5/17/2023,12:01 PM,10:19 AM,3,kilometers
Lesli Marciskewski,6/3/2023,10:29 AM,11:38 AM,50,miles
Terrye Huggett,6/6/2023,2:48 PM,5:12 PM,34,kilometers
Barth Crichton,5/21/2023,5:33 PM,11:53 AM,10,kilometers
Paula Pamment,5/4/2023,1:16 PM,4:03 PM,45,kilometers
Faulkner Mantrup,6/6/2023,6:45 AM,2:28 PM,5,kilometers
Robin Cradoc,5/7/2023,6:09 AM,5:13 PM,38,kilometers
Farly Bunny,5/8/2023,7:40 AM,6:42 AM,48,kilometers
Ellwood Ritchard,5/10/2023,12:51 PM,5:42 PM,39,miles
Wylie McCallion,6/3/2023,12:25 PM,10:31 AM,40,kilometers
Niki Osmon,5/5/2023,6:05 AM,6:03 AM,35,kilometers
Morlee Fenn,6/15/2023,9:34 AM,12:19 PM,25,kilometers
Rhett Dunderdale,6/8/2023,4:39 PM,12:21 PM,24,miles
Rachelle Adanet,5/5/2023,10:29 AM,8:27 AM,35,kilometers
Rad Yegorovnin,5/24/2023,5:32 PM,5:35 PM,37,miles
Carol Fraulo,5/6/2023,8:55 AM,5:52 PM,4,kilometers
Sebastien Gillimgham,5/9/2023,7:33 AM,4:18 PM,16,kilometers
Starla Von Hindenburg,6/10/2023,10:46 AM,7:40 AM,33,miles
Victoria Woodhouse,5/8/2023,4:16 PM,2:57 PM,36,miles
Federica Golden,5/13/2023,12:05 PM,1:59 PM,33,miles
Nefen Tidmas,6/5/2023,1:50 PM,3:28 PM,39,kilometers
Konstantine Corker,5/9/2023,5:19 PM,9:36 AM,5,miles
Olia Shorland,6/14/2023,3:34 PM,4:58 PM,31,kilometers
Ernest Trowsdall,5/1/2023,6:54 AM,7:33 AM,42,kilometers
Aime Leaton,5/31/2023,9:53 AM,8:03 AM,28,kilometers
Minerva Fidoe,5/13/2023,2:40 PM,2:43 PM,17,kilometers
Laurie Labbez,5/4/2023,4:07 PM,7:34 AM,41,kilometers
Roxana Menure,6/13/2023,10:47 AM,9:56 AM,16,kilometers
Matt Prendergast,5/27/2023,9:35 AM,9:15 AM,39,kilometers
Avram Leale,5/14/2023,3:31 PM,5:01 PM,35,miles
Hildy Espinoza,5/11/2023,11:48 AM,4:36 PM,30,kilometers
Reece Bougourd,6/6/2023,7:39 AM,1:15 PM,9,kilometers
Jameson Kilner,5/21/2023,4:26 PM,9:01 AM,48,miles
Emyle Marthen,6/3/2023,10:00 AM,4:50 PM,31,miles
Trude Rickett,5/11/2023,6:18 AM,7:45 AM,29,miles
Sunshine Van der Velde,5/23/2023,5:04 PM,10:46 AM,38,kilometers
Caterina Roscow,5/30/2023,12:11 PM,11:00 AM,4,kilometers
Berget Ecles,6/4/2023,11:17 AM,12:57 PM,30,kilometers
Peta Strathdee,5/26/2023,2:22 PM,8:12 AM,44,kilometers
Miof mela Shackel,5/14/2023,4:36 PM,8:29 AM,19,kilometers
Hartley Crinidge,6/14/2023,1:39 PM,4:09 PM,1,kilometers
Weylin March,5/24/2023,3:25 PM,4:11 PM,31,kilometers
Trevar Espinazo,5/27/2023,12:12 PM,12:12 PM,22,miles
Benn Garvan,5/23/2023,10:21 AM,4:12 PM,18,miles
Giacinta Kornilyev,5/2/2023,10:02 AM,3:21 PM,45,miles
Janice Feldmus,5/13/2023,4:23 PM,7:32 AM,7,kilometers
Hercule Ogg,5/2/2023,11:56 AM,12:23 PM,29,kilometers
Yard Bullers,6/9/2023,1:01 PM,2:37 PM,33,miles
Camala Dimmock,6/15/2023,9:07 AM,5:53 PM,44,miles
Lonnie Halvosen,5/30/2023,12:46 PM,12:58 PM,27,miles
Tiffany Gorioli,5/27/2023,6:26 AM,9:01 AM,4,kilometers
Zuzana Udden,5/26/2023,5:22 PM,11:53 AM,31,kilometers
Jarvis Marquand,5/12/2023,4:51 PM,5:08 PM,42,miles
Chet Facher,6/11/2023,6:42 AM,1:37 PM,1,miles
Caren Bazely,6/10/2023,6:26 AM,7:36 AM,5,miles
Glad Scamerdine,5/8/2023,10:05 AM,1:20 PM,3,miles
Jenda Antoniat,5/9/2023,4:26 PM,7:44 AM,8,kilometers
Ogden Rose,6/10/2023,3:34 PM,2:43 PM,47,miles
Haley Ramsell,6/4/2023,10:07 AM,6:44 AM,45,kilometers
Brenda Tabram,6/2/2023,3:56 PM,1:39 PM,13,kilometers
Adriaens Waddilow,5/4/2023,12:41 PM,2:48 PM,41,kilometers
Philis Cicerone,6/5/2023,7:45 AM,3:49 PM,8,kilometers
Henrieta Elleton,5/18/2023,2:08 PM,7:27 AM,16,miles
Edythe Murton,5/6/2023,5:41 PM,8:35 AM,37,miles
Glynis Danieli,5/23/2023,1:32 PM,8:35 AM,41,miles
Alejoa Crossland,5/31/2023,5:31 PM,11:48 AM,47,kilometers
Erika Roulston,6/11/2023,12:47 PM,6:04 AM,41,kilometers
Murielle Hakonsson,5/9/2023,5:30 PM,11:11 AM,4,kilometers
Lyndy Packham,5/12/2023,3:34 PM,5:51 PM,27,miles
Mariette Fiveash,6/6/2023,7:13 AM,6:08 AM,10,kilometers
Marika Graybeal,5/18/2023,7:59 AM,9:12 AM,28,miles
Casper Melin,5/6/2023,7:32 AM,10:43 AM,26,kilometers
Sheena Etherson,6/15/2023,2:00 PM,11:38 AM,5,kilometers
Tomlin Redmile,5/6/2023,10:15 AM,2:45 PM,6,miles
Eddie Banks,6/5/2023,4:21 PM,9:08 AM,10,miles
Helen Herion,5/30/2023,6:00 AM,1:17 PM,31,miles
Dudley Wanek,5/29/2023,10:05 AM,2:57 PM,21,miles
Rosamond Jirasek,5/29/2023,12:34 PM,4:47 PM,48,miles
Rhodie Ralston,5/19/2023,4:05 PM,8:54 AM,37,miles
Matty Cogin,5/24/2023,3:30 PM,12:22 PM,46,miles
Juline Bockh,5/6/2023,1:19 PM,3:47 PM,10,miles
Bradley Demead,6/2/2023,8:55 AM,4:33 PM,31,kilometers
Elfrida Campe,6/8/2023,9:54 AM,4:33 PM,16,miles
Kile Marlor,5/25/2023,1:03 PM,6:10 AM,44,miles
Quinton Tattam,5/29/2023,9:44 AM,12:51 PM,36,kilometers
Corbett Denidge,5/24/2023,3:42 PM,3:38 PM,39,kilometers
Jerrine Jeffreys,5/27/2023,3:34 PM,9:42 AM,39,miles
Bone Tithecote,6/6/2023,9:21 AM,10:59 AM,23,miles
Tobias Stack,5/8/2023,8:23 AM,10:51 AM,27,miles
Melonie Hender,6/6/2023,4:12 PM,9:13 AM,33,kilometers
Theodora Glasner,6/6/2023,3:23 PM,4:50 PM,50,miles
Reagen Tunaclift,5/1/2023,1:29 PM,10:22 AM,9,miles
Zsa zsa Gouldeby,5/20/2023,9:21 AM,6:48 AM,33,kilometers
Dimitri Ainslie,6/5/2023,1:49 PM,10:11 AM,13,miles
Minor Conyers,5/17/2023,8:00 AM,9:56 AM,48,miles
Xenia McRannell,5/20/2023,10:32 AM,1:39 PM,35,kilometers
Eugenie Munning,6/6/2023,12:06 PM,6:54 AM,21,miles
Timmy Maffucci,5/6/2023,4:47 PM,3:03 PM,7,kilometers
Thea McLarty,6/2/2023,1:46 PM,2:59 PM,42,miles
Rosemaria Gonsalo,6/12/2023,4:13 PM,10:05 AM,27,kilometers
Eileen Fallow,5/26/2023,12:21 PM,6:20 AM,32,kilometers
Arley Markus,6/15/2023,11:26 AM,4:11 PM,17,kilometers
Tracie Coveney,5/12/2023,10:58 AM,2:31 PM,15,miles
Bunni Castelli,5/1/2023,7:27 AM,8:53 AM,7,kilometers
Tremaine Coulston,5/15/2023,2:10 PM,12:43 PM,16,kilometers
Celine Martindale,5/29/2023,4:13 PM,9:04 AM,45,kilometers
Vin Bownd,5/1/2023,11:38 AM,6:26 AM,24,miles
Mirna Langmaid,6/15/2023,11:39 AM,1:56 PM,28,miles
Linus Cubbin,5/20/2023,6:33 AM,4:32 PM,5,kilometers
Gayla Brimacombe,5/26/2023,2:24 PM,8:40 AM,2,miles
Adrien Stranaghan,6/14/2023,3:31 PM,11:42 AM,8,miles
Adamo Guerrier,5/23/2023,6:43 AM,8:24 AM,13,miles
Standford Meace,5/11/2023,2:01 PM,7:00 AM,19,miles
Kara-lynn De Cruz,5/13/2023,8:49 AM,1:34 PM,47,kilometers
Pammy Ratter,5/25/2023,1:45 PM,8:47 AM,34,miles
Charlean De la Yglesia,6/5/2023,4:38 PM,9:28 AM,18,miles
Oberon Grigoriev,6/1/2023,6:24 AM,3:14 PM,25,miles
Luther Donneely,5/19/2023,4:19 PM,9:40 AM,34,kilometers
Yetty Mitrikhin,5/30/2023,6:16 AM,1:13 PM,46,kilometers
Zahara Astle,5/2/2023,11:44 AM,4:17 PM,13,kilometers
Burr Folkard,5/21/2023,5:21 PM,4:07 PM,11,kilometers
Franklin Dorrell,6/9/2023,9:47 AM,10:06 AM,10,miles
Marmaduke Jendrich,5/19/2023,11:04 AM,12:10 PM,35,kilometers
Holmes Heazel,6/8/2023,8:22 AM,7:16 AM,38,miles
Giff Moar,6/3/2023,9:14 AM,6:39 AM,30,kilometers
Olin Dupree,5/4/2023,5:01 PM,2:55 PM,19,kilometers
Ruthann Rosso,6/11/2023,11:54 AM,9:10 AM,9,miles
Elyn Dannell,6/5/2023,10:59 AM,1:00 PM,43,kilometers
Alexine Shear,5/21/2023,11:43 AM,7:07 AM,40,miles
Thia Beadnell,5/23/2023,7:24 AM,2:47 PM,48,miles
Trista Newall,5/11/2023,4:27 PM,4:14 PM,18,kilometers
Baillie Keslake,5/14/2023,12:09 PM,2:32 PM,25,kilometers
Jacob Benedikt,5/15/2023,11:26 AM,6:51 AM,39,kilometers
Carter Merrifield,5/8/2023,2:01 PM,8:12 AM,39,kilometers
Sisile Curson,5/8/2023,8:07 AM,1:56 PM,27,miles
Bryanty Snoddon,5/30/2023,5:10 PM,9:16 AM,3,kilometers
Udall Tabram,5/1/2023,6:53 AM,11:47 AM,34,miles
Corine Divver,5/31/2023,11:36 AM,11:31 AM,41,miles
Eldon Talboy,5/18/2023,9:19 AM,2:10 PM,17,kilometers
Merle Oxbury,5/25/2023,4:13 PM,10:07 AM,13,kilometers
Pippa Balnaves,6/4/2023,11:30 AM,9:54 AM,49,kilometers
Tabbie Cochern,6/6/2023,8:03 AM,12:36 PM,15,kilometers
Cassius Beagin,5/1/2023,8:00 AM,11:44 AM,2,kilometers
Merrily Leyban,5/14/2023,7:49 AM,12:10 PM,20,miles
Corilla Schimann,6/14/2023,11:49 AM,9:28 AM,2,miles
Lorrin Yedy,5/18/2023,12:27 PM,6:03 AM,19,kilometers
Meta Thridgould,6/1/2023,8:18 AM,10:10 AM,12,kilometers
Rikki Longstaff,5/5/2023,7:25 AM,2:06 PM,33,miles
Fraser Argrave,6/2/2023,1:14 PM,2:39 PM,36,miles
Hervey Hawton,6/9/2023,6:58 AM,12:44 PM,17,miles
Humberto Columbell,6/12/2023,9:47 AM,6:18 AM,30,miles
Elset Halley,6/11/2023,11:25 AM,10:34 AM,42,miles
Woodman Iwanicki,6/11/2023,9:49 AM,12:09 PM,42,kilometers
Alia Londing,5/29/2023,10:49 AM,10:51 AM,27,miles
Tori Wilkenson,5/9/2023,8:24 AM,6:39 AM,18,kilometers
Marcile Phillipps,6/12/2023,6:55 AM,5:57 PM,44,miles
Albertina Bulger,6/15/2023,10:21 AM,5:12 PM,25,kilometers
Corri Di Bartolomeo,6/11/2023,8:58 AM,9:05 AM,28,kilometers
Arthur Hartas,6/10/2023,4:43 PM,7:54 AM,2,kilometers
Martie McCahill,5/14/2023,3:44 PM,10:28 AM,9,miles
Bette Gonzalez,6/5/2023,3:31 PM,1:22 PM,20,miles
Meta Edgeler,5/31/2023,6:16 AM,7:32 AM,2,kilometers
Marvin Illingworth,5/20/2023,8:15 AM,9:29 AM,46,kilometers
Lavina Wroath,5/25/2023,7:20 AM,10:12 AM,41,kilometers
Clemence Savell,6/10/2023,2:52 PM,10:50 AM,24,miles
Barde Gaven,6/8/2023,7:20 AM,3:47 PM,28,kilometers
Cobby Hallitt,6/14/2023,3:23 PM,1:22 PM,27,kilometers
Brandie Spearman,6/4/2023,5:17 PM,10:37 AM,34,kilometers
Almeta Cosstick,6/14/2023,9:19 AM,5:50 PM,3,kilometers
Nolie Ciotti,6/6/2023,3:31 PM,10:11 AM,23,miles
Jenelle Wyd,5/5/2023,2:05 PM,2:15 PM,32,kilometers
Marcus Kennicott,5/29/2023,9:05 AM,2:41 PM,30,miles
Brendon Oldrey,5/5/2023,3:49 PM,9:48 AM,35,miles
Blondell Le Maitre,5/23/2023,4:05 PM,9:14 AM,3,miles
Kay Ivatt,6/1/2023,8:46 AM,8:57 AM,5,miles
Gino Matovic,6/8/2023,9:02 AM,11:08 AM,9,miles
Hastings Brunker,6/5/2023,2:33 PM,3:43 PM,24,kilometers
Hobey Jantot,6/2/2023,5:00 PM,2:47 PM,3,kilometers
Theo Borley,6/11/2023,4:19 PM,4:31 PM,25,miles
Glenden Nabbs,6/12/2023,7:26 AM,10:36 AM,26,kilometers
Dehlia Bowe,5/2/2023,9:43 AM,5:41 PM,16,miles
Tripp Doyle,5/14/2023,6:11 AM,5:29 PM,27,kilometers
Car Ricard,6/15/2023,8:02 AM,7:45 AM,50,miles
Toby Bunnell,6/1/2023,1:34 PM,11:52 AM,31,kilometers
Duky Comino,5/27/2023,2:00 PM,6:14 AM,12,kilometers
Becki Le Moucheux,5/12/2023,9:00 AM,2:52 PM,26,kilometers
Wood Frane,5/2/2023,3:00 PM,1:59 PM,39,miles
Krystyna Bassill,5/26/2023,11:33 AM,6:32 AM,46,miles
Llywellyn Asple,6/7/2023,6:27 AM,9:32 AM,13,kilometers
Klaus Scibsey,6/12/2023,8:06 AM,5:15 PM,10,kilometers
Vincenty Skipsey,6/6/2023,7:47 AM,10:09 AM,13,kilometers
Anallise Artindale,5/9/2023,11:57 AM,12:28 PM,30,kilometers
Alvie Line,6/2/2023,10:01 AM,10:17 AM,23,kilometers
Golda Gino,5/24/2023,8:31 AM,5:51 PM,46,miles
Pepita Aylesbury,5/1/2023,12:36 PM,11:20 AM,30,miles
Lynna Skill,5/29/2023,7:35 AM,10:22 AM,15,miles
Nathalie Simnor,5/8/2023,8:39 AM,6:02 AM,6,miles
Zorina Clinkard,6/8/2023,11:12 AM,7:05 AM,22,miles
Frankie Gretton,5/3/2023,1:23 PM,12:24 PM,50,miles
Antony Cullingford,5/21/2023,3:18 PM,7:13 AM,23,miles
Sally Lowsely,5/8/2023,2:47 PM,5:51 PM,17,kilometers
Tait Robertson,5/23/2023,4:17 PM,2:14 PM,17,kilometers
Malorie Dmitr,6/3/2023,5:22 PM,3:26 PM,36,kilometers
Lars Lanchbury,5/16/2023,12:44 PM,2:03 PM,42,miles
Waldon Chestney,5/25/2023,5:42 PM,10:11 AM,35,miles
Edeline Oxe,5/4/2023,5:16 PM,6:46 AM,48,kilometers
Simonne Goodyer,5/31/2023,12:05 PM,4:47 PM,14,miles
Maggee Feronet,5/19/2023,5:02 PM,5:23 PM,15,kilometers
Shara Otridge,5/6/2023,4:06 PM,9:29 AM,21,kilometers
Sigismondo Strangman,6/11/2023,2:18 PM,10:35 AM,18,kilometers
Patty Ellwand,5/15/2023,4:13 PM,4:30 PM,36,miles
Rosana Narbett,5/23/2023,6:38 AM,12:02 PM,34,kilometers
Kenn Dobbyn,5/10/2023,9:55 AM,6:15 AM,49,miles
Maritsa Grunnell,5/16/2023,2:27 PM,9:31 AM,13,miles
Gertie Hollyland,5/20/2023,8:10 AM,9:23 AM,5,kilometers
Timothy Salterne,5/28/2023,8:54 AM,2:03 PM,16,miles
Nessy Mocher,5/18/2023,11:00 AM,8:47 AM,2,kilometers
Lexine Russel,5/20/2023,12:02 PM,12:39 PM,25,miles
Jerry Arni,5/20/2023,3:03 PM,10:07 AM,24,miles
Joela Nolan,6/6/2023,7:57 AM,2:38 PM,6,miles
Florentia Mollene,5/18/2023,11:13 AM,9:28 AM,31,kilometers
Lotte Murcutt,5/3/2023,5:49 PM,2:00 PM,16,miles
Sharyl Alennikov,6/9/2023,11:03 AM,7:54 AM,25,kilometers
Joan Moring,5/29/2023,12:54 PM,12:12 PM,45,miles
Haleigh Rishman,5/7/2023,4:33 PM,7:26 AM,33,kilometers
Ingemar Mithun,5/25/2023,11:05 AM,11:44 AM,7,miles
Cirilo Extence,5/4/2023,11:39 AM,8:08 AM,33,miles
Belia Frankcombe,5/22/2023,5:50 PM,2:30 PM,11,miles
Vinita Branigan,6/11/2023,4:29 PM,9:38 AM,43,miles
Zared Lomb,6/1/2023,2:34 PM,12:33 PM,2,miles
Doroteya Cullity,5/15/2023,6:30 AM,9:52 AM,47,miles
Rourke Killelea,5/26/2023,4:28 PM,7:10 AM,19,miles
Leshia Lardeux,6/4/2023,3:47 PM,9:59 AM,47,miles
Alta Trimby,5/28/2023,9:47 AM,4:18 PM,6,kilometers
Marlena Duchesne,5/2/2023,2:40 PM,9:44 AM,36,miles
Simmonds Cowope,5/25/2023,5:06 PM,5:47 PM,45,kilometers
Cari Osgerby,5/14/2023,9:41 AM,12:43 PM,27,kilometers
Nealy Bernardotte,6/14/2023,12:54 PM,8:16 AM,6,miles
Loleta Kaubisch,5/14/2023,5:26 PM,6:33 AM,15,kilometers
Kristo Assad,5/5/2023,2:36 PM,9:57 AM,16,kilometers
Hayden Le Quesne,6/12/2023,3:10 PM,3:47 PM,23,miles
Artus Hovy,6/15/2023,6:39 AM,3:54 PM,24,miles
Jase Bryce,6/9/2023,11:07 AM,3:11 PM,11,miles
Carmelita MacKissack,5/5/2023,4:15 PM,10:20 AM,14,miles
Edythe Kneale,5/22/2023,2:35 PM,11:03 AM,43,kilometers
Whitaker Carman,5/25/2023,1:42 PM,6:16 AM,41,miles
Orel Judkin,5/21/2023,11:54 AM,7:43 AM,46,miles
Bobine Tompsett,5/4/2023,7:49 AM,11:31 AM,18,kilometers
Bondie Showler,5/29/2023,11:51 AM,8:23 AM,27,kilometers
Xaviera Niven,5/22/2023,5:29 PM,12:18 PM,8,kilometers
Erina Chappel,6/14/2023,2:38 PM,2:38 PM,33,miles
Carly Camocke,6/2/2023,5:31 PM,3:07 PM,46,kilometers
Charley Farfolomeev,5/23/2023,2:56 PM,2:37 PM,34,miles
Kathye Skelding,5/3/2023,8:13 AM,7:43 AM,35,kilometers
Editha Libbie,5/28/2023,12:21 PM,10:05 AM,33,miles
Aurelia Gemlbett,6/9/2023,12:36 PM,11:28 AM,17,kilometers
Annetta Skunes,5/22/2023,9:03 AM,5:15 PM,26,kilometers
Darnell Squibe,5/14/2023,9:55 AM,11:14 AM,18,kilometers
Artair Shorton,5/1/2023,9:16 AM,2:36 PM,41,miles
Shirleen Seacombe,5/20/2023,8:15 AM,8:32 AM,12,kilometers
Julienne Concannon,5/1/2023,10:01 AM,3:02 PM,23,kilometers
Tailor Duker,5/1/2023,12:14 PM,4:26 PM,31,kilometers
Grace Scottini,5/3/2023,5:44 PM,2:38 PM,43,kilometers
Moll Sizey,5/29/2023,11:07 AM,3:37 PM,47,kilometers
Woodman Aslam,5/14/2023,9:36 AM,10:40 AM,27,miles
Wilt Chateau,5/24/2023,3:17 PM,12:37 PM,7,miles
Ivor McDermid,5/12/2023,9:53 AM,3:46 PM,6,kilometers
Tine Timlin,5/18/2023,6:33 AM,3:45 PM,29,kilometers
Ethe Southerns,6/6/2023,5:32 PM,1:47 PM,49,kilometers
Elinore Hanning,6/13/2023,6:56 AM,7:16 AM,27,kilometers
Juliane Witherington,5/12/2023,1:22 PM,5:58 PM,18,kilometers
Gaston Pusill,5/18/2023,12:25 PM,6:50 AM,18,kilometers
Alissa Kellogg,6/9/2023,10:12 AM,8:42 AM,36,miles
Raimund Sergeant,5/18/2023,8:45 AM,3:36 PM,44,miles
Tammie Bolwell,5/2/2023,7:00 AM,7:51 AM,12,miles
Odelle Bedding,6/11/2023,8:35 AM,6:38 AM,43,kilometers
Buckie Lansdown,5/20/2023,1:46 PM,12:30 PM,17,kilometers
Zarah Welford,5/27/2023,12:50 PM,3:50 PM,47,miles
Keary Impson,6/12/2023,9:32 AM,5:22 PM,44,kilometers
Erroll Boutcher,5/24/2023,3:03 PM,3:16 PM,6,miles
Joey Bretelle,6/9/2023,9:03 AM,2:12 PM,43,miles
Justis McAndie,5/8/2023,8:24 AM,6:25 AM,47,miles
Gill Pegram,5/6/2023,8:00 AM,9:34 AM,27,miles
Tabbie Lincoln,5/5/2023,8:20 AM,9:04 AM,39,miles
Jacquelyn Robardley,6/1/2023,12:03 PM,1:59 PM,42,kilometers
Emanuel Rolles,5/11/2023,8:21 AM,12:35 PM,19,kilometers
Lula Agneau,5/3/2023,1:25 PM,12:25 PM,20,miles
Florie Fraanchyonok,5/7/2023,10:27 AM,12:50 PM,11,miles
Phylys Guyot,5/31/2023,1:27 PM,4:40 PM,31,miles
Mercy Prudence,6/7/2023,12:27 PM,1:33 PM,2,miles
Godwin Kmiec,5/24/2023,1:44 PM,1:59 PM,31,kilometers
Joeann Viste,6/6/2023,1:33 PM,4:51 PM,34,kilometers
Sherlocke Giacomo,5/14/2023,10:21 AM,1:37 PM,47,miles
Paco Tattershall,6/8/2023,10:00 AM,9:31 AM,45,kilometers
Rakel Espinheira,5/18/2023,6:18 AM,8:40 AM,36,kilometers
Daniele Lethbridge,6/8/2023,12:30 PM,10:41 AM,47,kilometers
Ira Dillon,5/2/2023,10:08 AM,2:25 PM,12,miles
Gerard Saiens,6/7/2023,9:54 AM,3:28 PM,4,miles
Nevins Bolitho,6/8/2023,11:47 AM,9:46 AM,30,miles
Mathias Ebanks,5/24/2023,2:49 PM,3:54 PM,34,kilometers
Agnella McOwen,6/5/2023,10:43 AM,1:50 PM,35,kilometers
Carling Duffell,5/20/2023,8:37 AM,10:43 AM,39,miles
Emmery Frusher,5/31/2023,3:22 PM,6:53 AM,45,miles
Cole Corrigan,6/9/2023,7:49 AM,9:28 AM,4,kilometers
Reagan Persent,5/8/2023,11:40 AM,6:01 AM,24,kilometers
Trix Strapp,5/17/2023,4:17 PM,8:09 AM,1,kilometers
Deane Garnam,6/4/2023,5:52 PM,9:22 AM,33,kilometers
Ermanno Mundwell,5/27/2023,1:16 PM,9:48 AM,3,kilometers
Nichol Wetter,5/21/2023,12:03 PM,3:47 PM,12,miles
Averil Leckey,6/13/2023,1:31 PM,6:46 AM,42,kilometers
Toma Croydon,5/13/2023,2:12 PM,7:36 AM,42,kilometers
Barrie Milward,5/6/2023,6:35 AM,3:51 PM,45,kilometers
Werner Petrus,6/10/2023,1:35 PM,6:55 AM,39,miles
Karolina Vogele,6/10/2023,8:08 AM,12:15 PM,7,miles
Debby Jeffress,5/12/2023,7:10 AM,12:04 PM,13,kilometers
Corabel Livesey,5/21/2023,7:54 AM,8:59 AM,27,kilometers
Leta Humphries,6/4/2023,5:41 PM,8:36 AM,42,miles
Gibby Mattecot,5/26/2023,2:58 PM,11:21 AM,34,miles
Silvanus Fierman,5/14/2023,10:01 AM,10:28 AM,6,kilometers
Brig Sone,5/15/2023,11:00 AM,2:36 PM,1,miles
Cyrus Rubery,5/13/2023,6:04 AM,5:01 PM,5,kilometers
Dory Whitnall,5/16/2023,4:36 PM,4:20 PM,28,kilometers
Koren Windows,6/15/2023,8:02 AM,1:04 PM,2,kilometers
Isacco Nanelli,5/25/2023,10:17 AM,5:22 PM,36,kilometers
Ileane Berthome,6/4/2023,5:29 PM,1:58 PM,35,miles
Pamelina Hambelton,5/24/2023,5:36 PM,4:03 PM,27,miles
Cookie Gayforth,5/6/2023,11:25 AM,12:22 PM,36,miles
Towny Dowdam,5/1/2023,12:02 PM,6:55 AM,16,kilometers
Carola Anthonies,5/19/2023,3:08 PM,6:00 AM,10,kilometers
Neil Pourveer,5/23/2023,6:39 AM,11:49 AM,31,miles
Gustie Bortoluzzi,5/6/2023,3:30 PM,5:22 PM,30,miles
Tedda Luciani,5/9/2023,3:15 PM,3:07 PM,50,kilometers
Adan Akram,6/14/2023,3:42 PM,7:16 AM,48,miles
Ros Cabrales,5/28/2023,9:40 AM,6:24 AM,43,kilometers
Stanford Carter,5/5/2023,8:05 AM,1:52 PM,47,kilometers
Brigitta Stanett,6/2/2023,8:00 AM,5:06 PM,43,kilometers
Elladine Anstiss,5/7/2023,1:57 PM,3:54 PM,20,kilometers
Solomon Sextie,5/20/2023,11:51 AM,9:37 AM,28,kilometers
Chlo Nickols,6/9/2023,2:10 PM,3:26 PM,14,kilometers
Devy Dash,5/6/2023,12:24 PM,8:12 AM,3,miles
Lauretta Mulliner,6/12/2023,12:27 PM,11:42 AM,15,kilometers
Hillier Beckey,5/15/2023,7:07 AM,10:50 AM,48,kilometers
Verine Garrard,5/4/2023,10:00 AM,3:03 PM,31,kilometers
Taddeusz McCarlie,5/16/2023,8:59 AM,9:03 AM,49,kilometers
Clementina Lansberry,5/29/2023,1:48 PM,5:10 PM,7,miles
Scotti Farra,6/2/2023,9:07 AM,1:04 PM,32,miles
Joy Handover,5/8/2023,10:51 AM,12:40 PM,47,kilometers
Cam Bowlas,5/27/2023,9:38 AM,12:43 PM,41,kilometers
Berton Pollastrone,5/8/2023,2:41 PM,3:27 PM,22,miles
Anselma Varian,5/29/2023,6:58 AM,4:23 PM,48,kilometers
Hobart Ginty,6/12/2023,3:44 PM,2:38 PM,43,kilometers
Trumaine Reading,5/30/2023,8:48 AM,11:29 AM,6,kilometers
Byran Blues,6/11/2023,4:51 PM,10:28 AM,41,miles
Gloria Dodgson,6/6/2023,4:19 PM,8:29 AM,24,kilometers
Jacques Arbor,6/6/2023,7:35 AM,11:12 AM,33,miles
Abel Kirtlan,5/27/2023,1:37 PM,6:39 AM,28,kilometers
Salaidh Colkett,5/23/2023,1:09 PM,4:19 PM,25,miles
Peterus Chang,6/1/2023,8:34 AM,5:42 PM,45,miles
Bartholomeo Byard,5/29/2023,12:33 PM,6:38 AM,19,miles
Caitlin Stripp,5/18/2023,7:37 AM,4:42 PM,50,kilometers
Erv Sewley,5/22/2023,5:55 PM,3:14 PM,49,kilometers
Whitney Itzhak,5/15/2023,12:09 PM,6:00 AM,11,kilometers
Damara Gowling,5/12/2023,1:47 PM,4:56 PM,40,miles
Tiffani MacDowall,5/26/2023,4:52 PM,9:10 AM,45,kilometers
Torrence Luigi,5/1/2023,3:20 PM,8:33 AM,2,miles
Nan Brodway,5/24/2023,2:56 PM,7:19 AM,40,miles
Holden Baldcock,6/11/2023,5:52 PM,8:09 AM,35,miles
Alexandr Minchella,5/23/2023,6:23 AM,9:37 AM,32,kilometers
Ferdy Klain,5/26/2023,7:53 AM,8:12 AM,31,kilometers
Breena Deeney,5/22/2023,11:15 AM,9:44 AM,33,kilometers
Devonne Audry,5/16/2023,3:22 PM,12:36 PM,25,kilometers
Seward Keeltagh,5/24/2023,7:33 AM,5:07 PM,7,miles
Albert Kill,5/2/2023,6:16 AM,5:21 PM,31,kilometers
Zachary Carty,6/15/2023,9:46 AM,2:53 PM,15,miles
Denney Clipson,5/8/2023,2:02 PM,11:42 AM,15,kilometers
Shanta Skurray,5/23/2023,8:45 AM,5:55 PM,15,kilometers
Norry Thome,5/27/2023,10:16 AM,3:05 PM,16,kilometers
Natale Le Teve,5/29/2023,6:06 AM,4:41 PM,30,miles
Sylas Mollindinia,5/14/2023,9:27 AM,12:58 PM,22,kilometers
Edwina Neilus,5/3/2023,8:02 AM,6:22 AM,42,kilometers
Jack Edgeller,5/7/2023,6:36 AM,5:33 PM,49,kilometers
Madalyn Pallatina,5/21/2023,3:59 PM,5:52 PM,30,miles
Alfreda Abberley,5/9/2023,8:23 AM,11:57 AM,2,kilometers
Celesta Monger,5/14/2023,11:49 AM,7:06 AM,29,kilometers
Andre Norwich,5/4/2023,6:52 AM,4:07 PM,25,miles
Kiah Zecchetti,5/15/2023,8:21 AM,10:02 AM,3,kilometers
Miles Ladds,5/21/2023,6:11 AM,4:54 PM,24,miles
Hurley Glowacki,6/9/2023,2:16 PM,10:48 AM,48,kilometers
Sander Godbehere,5/3/2023,11:47 AM,10:24 AM,15,miles
Fara Tetley,5/2/2023,5:10 PM,3:28 PM,29,miles
Leonelle Bridge,6/10/2023,5:28 PM,3:48 PM,50,kilometers
Maury Tocqueville,5/5/2023,3:00 PM,2:00 PM,29,kilometers
Aile Rickman,6/9/2023,4:29 PM,10:10 AM,8,miles
Noami Sleeman,5/27/2023,12:41 PM,11:10 AM,28,miles
Terry Blackburn,5/31/2023,5:28 PM,3:41 PM,14,miles
Marcela Obey,6/1/2023,2:18 PM,3:19 PM,21,miles
Trista Bickell,5/17/2023,3:31 PM,2:39 PM,21,miles
Vick McGrorty,5/5/2023,8:54 AM,3:21 PM,14,kilometers
Bowie Houndson,5/19/2023,4:43 PM,10:58 AM,25,miles
Lolita Tomet,6/8/2023,2:04 PM,8:13 AM,43,kilometers
Desi Doers,5/14/2023,5:28 PM,3:29 PM,32,miles
Berte Forcade,5/21/2023,2:59 PM,6:25 AM,27,miles
Marty McKane,6/10/2023,3:06 PM,1:45 PM,17,miles
Giustino Jaffray,6/4/2023,3:00 PM,3:07 PM,47,miles
Adria Safe,5/21/2023,6:03 AM,4:23 PM,11,miles
Christoper Sackur,5/24/2023,11:51 AM,8:17 AM,7,kilometers
Leanor Blodgetts,5/4/2023,12:50 PM,9:53 AM,7,miles
Zarla Beidebeke,5/14/2023,5:41 PM,9:26 AM,35,kilometers
Dani Grono,5/28/2023,5:29 PM,10:15 AM,40,kilometers
Regan Chetham,5/25/2023,12:01 PM,8:02 AM,3,kilometers
Ketti Atcherley,6/5/2023,7:45 AM,9:32 AM,44,kilometers
Auberta Darlasson,5/31/2023,11:26 AM,8:45 AM,28,kilometers
Adara Dixon,6/3/2023,1:38 PM,6:28 AM,25,kilometers
Averyl O'Downe,5/8/2023,5:05 PM,7:37 AM,4,miles
Eugenio De Few,5/22/2023,1:05 PM,12:34 PM,16,miles
Audra Mattisson,5/8/2023,9:07 AM,3:49 PM,24,miles
Carlen Onians,5/27/2023,12:47 PM,3:41 PM,45,kilometers
Aland Klesse,6/15/2023,3:16 PM,11:50 AM,31,kilometers
Kaja Skim,5/14/2023,2:20 PM,1:17 PM,24,miles
Clerissa Roscam,5/13/2023,3:51 PM,9:58 AM,19,kilometers
Anthea Blackah,5/19/2023,12:51 PM,3:45 PM,38,kilometers
Judie Ruusa,5/12/2023,8:27 AM,2:39 PM,30,miles
Vivianna Tarbath,6/11/2023,11:32 AM,12:13 PM,38,kilometers
Had Pirrone,6/1/2023,8:50 AM,2:35 PM,21,kilometers
Addison Antonoczyk,5/6/2023,8:17 AM,6:57 AM,2,kilometers
Bird Mouatt,5/31/2023,6:07 AM,6:58 AM,10,kilometers
Timmi Enbury,5/4/2023,11:12 AM,3:12 PM,41,kilometers
Percy Leneve,5/29/2023,12:59 PM,6:08 AM,24,miles
Roma O'Keaveny,5/10/2023,11:55 AM,10:59 AM,35,miles
Patric Hasslocher,5/5/2023,3:17 PM,6:30 AM,31,kilometers
Dennie Crayton,5/2/2023,9:59 AM,8:08 AM,41,kilometers
Rycca Adhams,5/11/2023,5:20 PM,11:28 AM,36,kilometers
Liz Dummer,6/12/2023,11:33 AM,1:55 PM,36,miles
Vito Philpotts,5/4/2023,8:36 AM,6:20 AM,31,kilometers
Andromache Creak,6/14/2023,4:21 PM,1:12 PM,8,miles
Stinky Kiddye,5/24/2023,9:34 AM,12:25 PM,32,miles
Colver Dorkin,5/23/2023,9:24 AM,11:10 AM,9,kilometers
Melba Aguirre,6/6/2023,10:12 AM,12:59 PM,42,kilometers
Marjory Sandwith,5/5/2023,11:42 AM,11:32 AM,13,miles
Ola Hizir,5/2/2023,12:56 PM,1:48 PM,10,miles
Yasmin Pretsel,6/8/2023,3:34 PM,6:25 AM,31,kilometers
Margaret Twiggins,5/13/2023,7:53 AM,1:51 PM,46,miles
Christen Teml,5/10/2023,7:13 AM,5:19 PM,5,kilometers
Rennie Bridson,6/2/2023,4:54 PM,4:21 PM,41,kilometers
Wayland Horburgh,5/12/2023,1:48 PM,4:58 PM,41,miles
Brenden Waller,5/2/2023,11:03 AM,4:25 PM,14,kilometers
Madalena Dyer,6/14/2023,9:53 AM,4:15 PM,34,kilometers
Sherlocke Wind,5/15/2023,5:31 PM,5:32 PM,4,kilometers
Dana Keward,5/21/2023,7:08 AM,2:05 PM,50,kilometers
Kahlil Maddrah,6/2/2023,11:33 AM,9:04 AM,28,miles
Melina Gelling,5/29/2023,5:56 PM,9:11 AM,44,kilometers
Kessiah Wyss,5/14/2023,11:23 AM,1:20 PM,33,miles
Clarinda Liveley,6/5/2023,12:31 PM,9:52 AM,9,kilometers
Clementina Weerdenburg,6/12/2023,12:16 PM,7:05 AM,2,kilometers
